houseName,city,originalDesc,backendDesc,username,timestamp

信義大樓,台北市,精華地段，全新裝潢。,先試試看,蝌蚪,2025-06-07T19:54:35.828Z
信義大樓,台北市,精華地段，全新裝潢。,什麼鬼,神秘人,2025-06-07T19:54:48.279Z
信義大樓,台北市,精華地段，全新裝潢。,rtew,湘婷,2025-06-07T20:04:53.649Z
逢甲公寓,台中市,靠近夜市，生活機能佳。,321,湘婷,2025-06-07T20:04:58.431Z
巨蛋華廈,高雄市,近捷運、採光良好。,測試,湘婷,2025-06-08T06:17:28.347Z
信義大樓,台北市,精華地段，全新裝潢。,匿名,匿名使用者,2025-06-08T06:22:10.304Z
信義大樓,台北市,精華地段，全新裝潢。,Hihi 蝌蚪！,匿名使用者,2025-06-08T06:57:36.623Z
信義大樓,台北市,精華地段，全新裝潢。,Zion呼叫蝌蚪,匿名使用者,2025-06-08T06:57:57.185Z
信義大樓,台北市,精華地段，全新裝潢。,蝌蚪來惹,蝌蚪,2025-06-08T07:13:56.318Z
